{
    "09_outdoor_walk": 1.194926008546356,
    "19_indoor_walk_off_mvs": 1.3628505455678384,
    "20_outdoor_walk": 0.9121726366217846,
    "24_outdoor_long_walk": 0.9208037034586183,
    "27_indoor_walk_off_mvs": 0.9197895762441697,
    "28_outdoor_walk_lunges": 0.6890749012112174,
    "29_outdoor_stairs_up": 0.6300573759650331,
    "30_outdoor_stairs_down": 1.447818871291556,
    "35_indoor_walk": 1.0317031858185273,
    "36_outdoor_long_walk": 1.641850331209412,
    "37_outdoor_run_circle": 0.8894186192108107,
    "40_indoor_walk_big_circle": 1.5194300552569648,
    "48_outdoor_walk_downhill": 1.9697846696856427,
    "49_outdoor_big_stairs_down": 1.516837224973532,
    "55_outdoor_walk": 1.044728152363935,
    "56_outdoor_stairs_up_down": 1.2567624858996165,
    "57_outdoor_rock_chair": 1.2459493425453467,
    "58_outdoor_parcours": 0.7031995509757251,
    "61_outdoor_sit_lie_walk": 1.4848257080834377,
    "64_outdoor_skateboard": 1.2738061190454264,
    "65_outdoor_walk_straight": 2.0235311924855766,
    "77_outdoor_stairs_up": 1.358623539299053,
    "78_outdoor_stairs_up_down": 1.0686634839849476,
    "79_outdoor_walk_rectangle": 1.0114284712076897,
    "80_outdoor_walk_big_circle": 0.7444282311810854
}