{
    "09_outdoor_walk": 1.1897544373339037,
    "19_indoor_walk_off_mvs": 1.36190909257562,
    "20_outdoor_walk": 0.9234148323311976,
    "24_outdoor_long_walk": 0.9233673138508259,
    "27_indoor_walk_off_mvs": 0.918482088895724,
    "28_outdoor_walk_lunges": 0.6893243774854635,
    "29_outdoor_stairs_up": 0.6366756300286756,
    "30_outdoor_stairs_down": 1.4721337381114017,
    "35_indoor_walk": 1.1778823719388438,
    "36_outdoor_long_walk": 1.6465473188037962,
    "37_outdoor_run_circle": 0.8896361163766374,
    "40_indoor_walk_big_circle": 1.5446173459611472,
    "48_outdoor_walk_downhill": 2.048333392956988,
    "49_outdoor_big_stairs_down": 1.5246882000669475,
    "55_outdoor_walk": 1.0544098275783587,
    "56_outdoor_stairs_up_down": 1.2831315147498668,
    "57_outdoor_rock_chair": 1.2500990356973265,
    "58_outdoor_parcours": 0.7009842250090638,
    "61_outdoor_sit_lie_walk": 1.488459421864064,
    "64_outdoor_skateboard": 1.2689447149654651,
    "65_outdoor_walk_straight": 2.0150151399443574,
    "77_outdoor_stairs_up": 1.3543565045796422,
    "78_outdoor_stairs_up_down": 1.079133428129817,
    "79_outdoor_walk_rectangle": 1.0134553385941334,
    "80_outdoor_walk_big_circle": 0.7524147346989792
}