{
    "09_outdoor_walk": 1.02668921789835,
    "19_indoor_walk_off_mvs": 1.0927288148357914,
    "20_outdoor_walk": 0.9601069713181667,
    "24_outdoor_long_walk": 0.9207983666463229,
    "27_indoor_walk_off_mvs": 1.0264562644297006,
    "28_outdoor_walk_lunges": 0.9619742721627385,
    "29_outdoor_stairs_up": 1.1532080843401888,
    "30_outdoor_stairs_down": 1.1705802475980431,
    "35_indoor_walk": 1.0125645836416277,
    "36_outdoor_long_walk": 0.976655451443787,
    "37_outdoor_run_circle": 0.9376334388224342,
    "40_indoor_walk_big_circle": 1.1307972649977618,
    "48_outdoor_walk_downhill": 1.1096126269623439,
    "49_outdoor_big_stairs_down": 1.127551800121319,
    "55_outdoor_walk": 1.067726606220705,
    "56_outdoor_stairs_up_down": 1.0762691823511614,
    "57_outdoor_rock_chair": 1.0571438073323818,
    "58_outdoor_parcours": 0.9550993462281114,
    "61_outdoor_sit_lie_walk": 1.0413701905604256,
    "65_outdoor_walk_straight": 1.06057999715402,
    "64_outdoor_skateboard": 1.0079833857557003,
    "77_outdoor_stairs_up": 1.0592698231121922,
    "78_outdoor_stairs_up_down": 1.084804943169606,
    "79_outdoor_walk_rectangle": 1.0830927253994178,
    "80_outdoor_walk_big_circle": 1.0058753331644037
}