{
    "09_outdoor_walk": 53.05095433744601,
    "19_indoor_walk_off_mvs": 52.958149619110884,
    "20_outdoor_walk": 52.91393977844688,
    "24_outdoor_long_walk": 53.05648022100989,
    "27_indoor_walk_off_mvs": 53.0245059242664,
    "28_outdoor_walk_lunges": 53.06101507682634,
    "29_outdoor_stairs_up": 53.06652654846247,
    "30_outdoor_stairs_down": 53.072769804274806,
    "35_indoor_walk": 53.02289998220229,
    "36_outdoor_long_walk": 53.06767149772835,
    "37_outdoor_run_circle": 53.07844716963178,
    "40_indoor_walk_big_circle": 52.99903380211808,
    "48_outdoor_walk_downhill": 53.22036181578497,
    "49_outdoor_big_stairs_down": 53.24893125985352,
    "55_outdoor_walk": 53.1603815488703,
    "56_outdoor_stairs_up_down": 53.144834761156496,
    "57_outdoor_rock_chair": 53.329043596112065,
    "58_outdoor_parcours": 53.295200556805646,
    "61_outdoor_sit_lie_walk": 53.34312152796753,
    "64_outdoor_skateboard": 53.01487162521781,
    "65_outdoor_walk_straight": 53.214228810051175,
    "77_outdoor_stairs_up": 53.32281034030443,
    "78_outdoor_stairs_up_down": 53.29727524908464,
    "79_outdoor_walk_rectangle": 53.39407257392375,
    "80_outdoor_walk_big_circle": 53.39013267128424
}